BENCHMARK,Lower_CI_original,Upper_CI_original,Lower_CI_target,Upper_CI_target,Lower_RCI,Upper_RCI
zipkin2.internal.Proto3SpanWriterTest._Benchmark.benchmark_writeList_startsWithSpanKeyAndLengthPrefix,447803.8,447877,447806.1,447877.7,0.9999961,1.000008
zipkin2.internal.WriteBufferTest._Benchmark.benchmark_utf8_matchesAscii,1094901,1095121,1094975,1095192,1.000054,1.000066
zipkin2.codec.SpanBytesEncoderTest._Benchmark.benchmark_span_shared_PROTO3,549594.9,549709,549606.4,549724.4,1.000015,1.000029
zipkin2.internal.ReadBufferTest._Benchmark.benchmark_readLongLe_byteBuff,1212803,1213063,1212788,1213027,0.9999678,0.9999915
zipkin2.codec.SpanBytesEncoderTest._Benchmark.benchmark_span_shared_JSON_V1,331859.4,331936.8,331842.1,331917.7,0.9999309,0.9999592
zipkin2.internal.Proto3SpanWriterTest._Benchmark.benchmark_writeList_multiple,321702.7,321777.8,321731.6,321811,1.000089,1.000102
zipkin2.SpanTest._Benchmark.benchmark_idFromLong,974328.2,974559.8,974327.2,974538.3,0.9999717,0.9999943
zipkin2.internal.JsonEscaperTest._Benchmark.benchmark_testJsonEscapedSizeInBytes,1056647,1056909,1056681,1056938,1.00002,1.000035
zipkin2.codec.SpanBytesEncoderTest._Benchmark.benchmark_noAnnotations_rootServerSpan_PROTO3,753651.1,753838,753655.3,753847.6,0.9999988,1.000016
zipkin2.internal.ReadBufferTest._Benchmark.benchmark_readShort_byteBuff,1217583,1217900,1217645,1217972,1.000051,1.000062
zipkin2.SpanBytesDecoderDetectorTest._Benchmark.benchmark_decoderForListMessage_proto3,544168.2,544311.2,544164.9,544313.8,0.9999837,1.000008
zipkin2.codec.SpanBytesDecoderTest._Benchmark.benchmark_spanRoundTrip_noRemoteServiceName_PROTO3,343296.7,343383.9,343302.7,343396.1,1.000014,1.000036
zipkin2.storage.InMemoryStorageTest._Benchmark.benchmark_getTraces_filteringMatchesMostRecentTraces,30299.83,30307.39,30300.28,30307.79,1.000005,1.000028
zipkin2.internal.V1ThriftSpanWriterTest._Benchmark.benchmark_writesTraceAndSpanIds,142712.5,142750.6,142708.6,142745.4,0.9999644,0.9999752
zipkin2.internal.ReadBufferTest._Benchmark.benchmark_readInt_byteBuff,1212525,1212856,1212506,1212811,0.9999718,0.9999841
zipkin2.internal.DateUtilTest._Benchmark.benchmark_getDays,515233,515365.4,515215.2,515345.6,0.9999577,0.9999711
zipkin2.codec.SpanBytesEncoderTest._Benchmark.benchmark_span_PROTO3,639698.7,639887.6,639679.5,639839.9,0.9999254,0.9999536
zipkin2.EndpointTest._Benchmark.benchmark_ip_ipv6_compatIpv4_compressed,358424,358531.4,358412.6,358519.1,0.9999599,0.9999776
zipkin2.v1.V1SpanTest._Benchmark.benchmark_annotationEndpoint_emptyToNull,1021301,1021581,1021416,1021698,1.000109,1.000118
zipkin2.internal.SpanNodeTest._Benchmark.benchmark_constructsTraceTree_dedupes,721341,721537.3,721303.5,721488.7,0.9999295,0.9999495
zipkin2.EndpointTest._Benchmark.benchmark_ip_ipv6_addr,849053.8,849290.7,849005.1,849245,0.9999399,0.9999577
zipkin2.codec.SpanBytesDecoderTest._Benchmark.benchmark_specialCharsInJson_PROTO3,346222.4,346316.5,346235.3,346334.7,1.000028,1.000055
zipkin2.storage.QueryRequestTest._Benchmark.benchmark_test_minDuration,630915.2,631091.4,630961.7,631142.2,1.000075,1.000096
zipkin2.EndpointTest._Benchmark.benchmark_ip_ipv6_compatIpv4,367893.2,367995.2,367888.6,367994.2,0.9999878,1.000008
zipkin2.storage.GroupByTraceIdTest._Benchmark.benchmark_map_modifiable,586923.7,587079,586932.3,587092.4,1.000017,1.000027
zipkin2.SpanBytesDecoderDetectorTest._Benchmark.benchmark_decoderForListMessage_json_v2_partial_tag,660523.6,660731.6,660553.3,660775.3,1.000031,1.000067
zipkin2.EndpointTest._Benchmark.benchmark_ipv6_notLocalhost,1085830,1086170,1085963,1086280,1.000075,1.00012
zipkin2.EndpointTest._Benchmark.benchmark_ip_ipv6,833703.3,833983.4,833670.9,833936.4,0.9999513,0.9999672
zipkin2.codec.SpanBytesDecoderTest._Benchmark.benchmark_spansRoundTrip_PROTO3,48024.38,48039.98,48027.94,48043.67,1.000062,1.000088
zipkin2.codec.SpanBytesEncoderTest._Benchmark.benchmark_span_64bitTraceId_THRIFT,416948.5,417090.4,416963.8,417100.6,1.000014,1.000041
zipkin2.EndpointTest._Benchmark.benchmark_ip_ipv6_mappedIpv4,346624.4,346736.7,346587.8,346696.4,0.9998839,0.9999182
zipkin2.codec.SpanBytesEncoderTest._Benchmark.benchmark_noAnnotations_rootServerSpan_THRIFT_shared,502409.4,502584.5,502468.7,502626.9,1.000086,1.000116
zipkin2.storage.InMemoryStorageTest._Benchmark.benchmark_toStringContainsOnlySummaryInformation,1070789,1071154,1070756,1071119,0.9999537,0.9999747
zipkin2.SpanBytesDecoderDetectorTest._Benchmark.benchmark_decoderForMessage_thrift,570690.5,570875.9,570677.8,570875.4,0.9999809,1.000004
zipkin2.internal.Proto3ZipkinFieldsTest._Benchmark.benchmark_span_read_tag,601846,602043.9,601805,602021.9,0.9999339,0.9999671
zipkin2.codec.EncodingTest._Benchmark.benchmark_multiItemList_json,1331509,1332014,1331416,1331851,0.9998742,0.9999222
zipkin2.SpanTest._Benchmark.benchmark_shared_canDisable,990095.7,990444.6,989981.1,990337.8,0.9998778,0.9998991
zipkin2.codec.V1SpanBytesDecoderTest._Benchmark.benchmark_falseOnEmpty_inputSpans_JSON_V1,1399595,1400065,1399504,1399972,0.9999249,0.9999511
zipkin2.internal.TraceTest._Benchmark.benchmark_choosesBestTraceId,426077.5,426243.2,426045.4,426198.4,0.9998899,0.9999248
zipkin2.internal.TraceTest._Benchmark.benchmark_cleanupComparator_transitiveKindComparison,125741.6,125788.3,125747.4,125793.1,1.000029,1.000062
zipkin2.EndpointTest._Benchmark.benchmark_missingIpv4IsNull,1379313,1379782,1379156,1379701,0.9998801,0.9999412
zipkin2.storage.GroupByTraceIdTest._Benchmark.benchmark_map_groupsEverythingWhenNotStrict,613009.3,613231.4,613045.8,613272.6,1.000041,1.000064
zipkin2.internal.WriteBufferTest._Benchmark.benchmark_writeVarint_64,551182.8,551391.5,551091.5,551309.9,0.9998345,0.9998636
zipkin2.codec.SpanBytesDecoderTest._Benchmark.benchmark_emptyListOk_PROTO3,1348678,1349175,1348977,1349446,1.000201,1.000235
zipkin2.internal.ReadBufferTest._Benchmark.benchmark_readShort_bytes,1279818,1280265,1279907,1280365,1.00007,1.000094
zipkin2.internal.DateUtilTest._Benchmark.benchmark_getDays_doesntLookEarlierThan1970,590199.7,590419.7,590259.7,590470.7,1.000092,1.000124
zipkin2.EndpointTest._Benchmark.benchmark_newBuilderWithPort_highest,1370684,1371133,1370443,1370965,0.9998217,0.9998807
zipkin2.codec.SpanBytesEncoderTest._Benchmark.benchmark_span_minimum_JSON_V1,919073.9,919392,919004.9,919344.8,0.9999151,0.9999486
zipkin2.internal.Proto3SpanWriterTest._Benchmark.benchmark_writeList_empty,1420667,1421183,1420684,1421190,1.000009,1.000031
zipkin2.internal.SpanNodeTest._Benchmark.benchmark_constructsTraceTree_sharedId,312885.5,313008.7,312876.6,313010.6,0.9999772,1.000006
zipkin2.EndpointTest._Benchmark.benchmark_coercesZeroPortToNull,1368389,1368908,1368297,1368810,0.9999147,0.9999376
zipkin2.SpanTest._Benchmark.benchmark_parentIdFromLong_zeroSameAsNull,896015.8,896386.2,896064.9,896409.5,1.00003,1.000055
zipkin2.internal.ReadBufferTest._Benchmark.benchmark_readLong_bytes,1317677,1318223,1317790,1318297,1.000045,1.000085
zipkin2.v1.SpanConverterTest._Benchmark.benchmark_redundantServiceNameOnAddressAnnotations_serverRetainsClientSocket,561936.6,562130,562006.5,562225.7,1.000122,1.000174
zipkin2.storage.QueryRequestTest._Benchmark.benchmark_test_rootSpanNotFirst,616918.5,617148.4,616883.9,617134.3,0.9999327,0.9999779
zipkin2.SpanTest._Benchmark.benchmark_normalizeTraceId_padsTo64,970612.9,971012.4,970553.4,970939.4,0.99991,0.9999454
zipkin2.codec.V1SpanBytesDecoderTest._Benchmark.benchmark_spansRoundTrip_JSON_V1,10163.04,10167.09,10161.75,10166,0.9998623,0.9998927
zipkin2.EndpointTest._Benchmark.benchmark_ip_addr_ipv4,345289.7,345420.2,345266.3,345408.2,0.999932,0.9999658
zipkin2.v1.V1SpanTest._Benchmark.benchmark_binaryAnnotationEndpoint_emptyToNull,1028206,1028629,1028100,1028547,0.9998956,0.9999339
zipkin2.internal.SpanNodeTest._Benchmark.benchmark_build_noChildLeftBehind,175877.1,175947.7,175892,175959.9,1.000056,1.000097
zipkin2.SpanTest._Benchmark.benchmark_annotationsSortByTimestamp,600418.2,600687.3,600457.3,600707.7,1.000034,1.000056
zipkin2.SpanTest._Benchmark.benchmark_coercesZeroTimestampsToNull,930040.3,930472.9,930275.3,930619.6,1.000159,1.000249
zipkin2.EndpointTest._Benchmark.benchmark_ipv6_localhost,129093.4,129146.5,129100.6,129155.7,1.000048,1.000069
zipkin2.internal.JsonEscaperTest._Benchmark.benchmark_testJsonEscape,749734.1,750078.6,749703.2,750048.5,0.999939,0.9999678
zipkin2.storage.GroupByTraceIdTest._Benchmark.benchmark_map_groupsByTraceIdHighWheStrict,494567.4,494794.8,494554,494787.6,0.9999772,1.00001
zipkin2.EndpointTest._Benchmark.benchmark_parseIp_ipv6_bytes,827804.5,828214.3,827910.8,828277.1,1.000094,1.00014
zipkin2.storage.InMemoryStorageTest._Benchmark.benchmark_getSpanNames_skipsNullSpanName,568755.1,569036.6,568881,569152.4,1.000183,1.000239
zipkin2.codec.SpanBytesEncoderTest._Benchmark.benchmark_localSpan_JSON_V1,786132.9,786495.8,785994.7,786385.9,0.9998154,0.9998914
zipkin2.storage.QueryRequestTest._Benchmark.benchmark_test_annotationQuery_annotation,429724.5,429937.5,429802.8,430005.8,1.000158,1.000188
zipkin2.internal.TraceTest._Benchmark.benchmark_worksWhenMissingParentSpan,630080.2,630383.9,630093.8,630408.6,1.000011,1.000036
zipkin2.internal.V1JsonSpanWriterTest._Benchmark.benchmark_writesCoreAnnotations_consumer,307334.9,307481,307342.5,307481.8,0.9999983,1.000046
zipkin2.SpanTest._Benchmark.benchmark_traceIdString,974518.1,974995.3,974648.7,975138.5,1.000128,1.00015
zipkin2.codec.SpanBytesEncoderTest._Benchmark.benchmark_span_noLocalServiceName_PROTO3,568447.8,568734,568429.7,568720.5,0.9999372,0.999985
zipkin2.codec.V1SpanBytesDecoderTest._Benchmark.benchmark_specialCharsInJson_JSON_V1,163698.8,163781.3,163673.9,163755.3,0.9998349,0.9998561
zipkin2.EndpointTest._Benchmark.benchmark_ip_string_ipv4,367828.5,368023,367777.8,367965.6,0.9998455,0.9998703
zipkin2.codec.SpanBytesDecoderTest._Benchmark.benchmark_spansRoundTrip_JSON_V2,19894.3,19904.54,19894.54,19904.28,0.9999856,1.000027
zipkin2.SpanTest._Benchmark.benchmark_clone_differentCollections,632353.6,632691.2,632416.9,632691.6,0.9999984,1.0001
zipkin2.codec.V1SpanBytesDecoderTest._Benchmark.benchmark_localSpanRoundTrip_JSON_V1,222125,222231.4,222112.8,222233.9,0.9999549,1.000011
zipkin2.internal.ReadBufferTest._Benchmark.benchmark_readLongLe_byteBuff_littleEndian,1218159,1218752,1217995,1218608,0.9998622,0.9999043
zipkin2.codec.V1SpanBytesDecoderTest._Benchmark.benchmark_ignoresNull_endpoint_topLevelFields,251651,251781.8,251682.9,251821,1.000138,1.000161
zipkin2.codec.EncodingTest._Benchmark.benchmark_singletonList_proto3,1295499,1296134,1295789,1296401,1.000198,1.000245
zipkin2.internal.Proto3SpanWriterTest._Benchmark.benchmark_writeList_offset_startsWithSpanKeyAndLengthPrefix,295251.9,295398.3,295246.7,295397.5,0.9999675,1.000009
zipkin2.internal.ReadBufferTest._Benchmark.benchmark_readInt_byteBuff_littleEndian,1223149,1223760,1223305,1223957,1.000125,1.000176
zipkin2.codec.SpanBytesEncoderTest._Benchmark.benchmark_span_JSON_V2,624628.7,624960,624678.5,625018,1.000065,1.000097
zipkin2.codec.SpanBytesEncoderTest._Benchmark.benchmark_specialCharsInJson_PROTO3,606724.5,607029.2,606561.7,606901.7,0.9997174,0.9997943
zipkin2.storage.StrictTraceIdTest._Benchmark.benchmark_filterTraces_onTag,202482.8,202592.8,202509.1,202614.6,1.000099,1.000153
zipkin2.SpanTest._Benchmark.benchmark_shared_canUnset,1028701,1029267,1028600,1029094,0.9998316,0.9999113
zipkin2.EndpointTest._Benchmark.benchmark_ip_bytes_ipv4,347689.1,347859.2,347702.1,347867.2,1.00003,1.000054
zipkin2.storage.StrictTraceIdTest._Benchmark.benchmark_filterTraces_skipsOnNoClash,976248,976764.4,976252.9,976768,0.9999816,1.000018
zipkin2.internal.V1JsonSpanWriterTest._Benchmark.benchmark_writesCoreAnnotations_producer,297801.5,297964.4,297813,297963,0.9999798,1.000055
zipkin2.storage.StrictTraceIdTest._Benchmark.benchmark_filterTraces_onSpanName,258010.7,258150.3,257977.8,258108.4,0.9998378,0.9998873
zipkin2.internal.FilterTracesTest._Benchmark.benchmark_returnsWhenValidlyMatches,1181147,1181783,1181080,1181685,0.9999243,0.9999552
zipkin2.codec.SpanBytesDecoderTest._Benchmark.benchmark_spanRoundTrip_noAnnotations_rootServerSpan_shared_JSON_V2,195277.9,195385.8,195253.5,195365.2,0.9998584,0.9999095
zipkin2.internal.V1ThriftSpanWriterTest._Benchmark.benchmark_writesCoreAnnotations_client_noEndpoint,21624.05,21636.65,21626.03,21637.07,1.000014,1.000086
zipkin2.internal.Proto3SpanWriterTest._Benchmark.benchmark_write_startsWithSpanKeyAndLengthPrefix,466462.7,466717.4,466477.4,466724,0.9999937,1.000029
zipkin2.storage.QueryRequestTest._Benchmark.benchmark_spanName_coercesAllToNull,674436.2,674798.1,674406.6,674781.9,0.9999314,0.9999913
zipkin2.codec.V1SpanBytesDecoderTest._Benchmark.benchmark_spanRoundTrip_noAnnotations_rootServerSpan_incomplete_JSON_V1,140099.5,140174.4,140097.8,140174.8,0.9999528,1.000016
zipkin2.EndpointTest._Benchmark.benchmark_newBuilderWithPort_NegativeCoercesToNull,1362988,1363681,1363120,1363862,1.000074,1.000133
zipkin2.internal.WriteBufferTest._Benchmark.benchmark_utf8_matchesJRE,524251,524545.5,524280.3,524593.3,1.000051,1.00011
zipkin2.v1.V1SpanConverterTest._Benchmark.benchmark_convert_ma,645945.6,646332.6,645790.2,646177.5,0.9997159,0.99976
zipkin2.codec.SpanBytesEncoderTest._Benchmark.benchmark_specialCharsInJson_THRIFT,696270,696683.6,696180.6,696599.5,0.9998699,0.9999013
zipkin2.SpanTest._Benchmark.benchmark_traceIdFromLong_128,939347.9,939934.3,939336.3,939882.3,0.9999547,0.9999871
zipkin2.codec.SpanBytesEncoderTest._Benchmark.benchmark_span_noRemoteServiceName_PROTO3,584336.9,584654.1,584393,584731,1.000081,1.000129
zipkin2.v1.SpanConverterTest._Benchmark.benchmark_client_missingCs,676729.6,677103.5,676728.8,677104.8,1.000002,1.000056
zipkin2.codec.V1SpanBytesDecoderTest._Benchmark.benchmark_spansRoundTrip_THRIFT,25526.59,25541.42,25524.82,25541.17,0.9999176,0.9999901
zipkin2.internal.Proto3FieldsTest._Benchmark.benchmark_fixed64_sizeInBytes,964147.9,964710.8,964085.2,964654.7,0.9999301,0.9999531
zipkin2.codec.SpanBytesEncoderTest._Benchmark.benchmark_span_minimum_PROTO3,1114177,1114818,1114180,1114843,1.000015,1.000083
zipkin2.codec.V1SpanBytesDecoderTest._Benchmark.benchmark_localSpanRoundTrip_THRIFT,552142,552480.1,552115.4,552441.2,0.9999004,0.9999515
zipkin2.v1.SpanConverterTest._Benchmark.benchmark_producerAndConsumer_loopback_shared,446578.7,446853.1,446615.7,446877.2,1.000055,1.000082
zipkin2.codec.SpanBytesEncoderTest._Benchmark.benchmark_span_JSON_V1,371474.9,371695.8,371549.2,371776.7,1.0002,1.000236
zipkin2.codec.SpanBytesEncoderTest._Benchmark.benchmark_errorSpan_PROTO3,1026682,1027303,1026460,1027175,0.9997668,0.9998748
zipkin2.internal.Proto3ZipkinFieldsTest._Benchmark.benchmark_span_read_debug,740029.2,740531.9,739907.8,740347.5,0.9997451,0.9998431
zipkin2.internal.V1ThriftSpanWriterTest._Benchmark.benchmark_writeList_startsWithListPrefix_multiple,432401.7,432659.7,432339.4,432592.9,0.9998283,0.9998555
zipkin2.codec.SpanBytesEncoderTest._Benchmark.benchmark_noAnnotations_rootServerSpan_PROTO3_incomplete,628846.5,629202.8,628739.6,629114.1,0.9998145,0.9998842
zipkin2.storage.QueryRequestTest._Benchmark.benchmark_remoteServiceNameCanBeNull,672843.6,673275.2,672945.6,673359.2,1.000123,1.000165
zipkin2.SpanBytesDecoderDetectorTest._Benchmark.benchmark_decoderForMessage_json_v1,327348.3,327562.3,327364.8,327556.8,0.9999772,1.000072
zipkin2.codec.SpanBytesDecoderTest._Benchmark.benchmark_falseOnEmpty_inputSpans_JSON_V2,1359169,1360038,1359207,1360062,0.999988,1.000029
zipkin2.codec.V1SpanBytesDecoderTest._Benchmark.benchmark_spanRoundTrip_noAnnotations_rootServerSpan_JSON_V1,127981.1,128057.6,127967.1,128047.4,0.9998955,0.9999375
zipkin2.internal.Proto3FieldsTest._Benchmark.benchmark_field_read_FIXED64,954907.4,955488.6,954948.2,955574.1,1.000059,1.00011
zipkin2.SpanBytesDecoderDetectorTest._Benchmark.benchmark_decoderForMessage_json_v1_list,93726.37,93785.94,93716.6,93778.87,0.9999003,0.9999391
zipkin2.codec.SpanBytesDecoderTest._Benchmark.benchmark_spanRoundTrip_noAnnotations_rootServerSpan_shared_PROTO3,418574,418833.1,418563.7,418851.8,0.9999831,1.000045
zipkin2.v1.SpanConverterTest._Benchmark.benchmark_producer,629009.8,629424.3,628907.7,629316.9,0.999811,0.9998653
zipkin2.codec.V1SpanBytesDecoderTest._Benchmark.benchmark_traceRoundTrip_JSON_V1,39096.88,39122.01,39109.18,39131.15,1.000247,1.000326
zipkin2.codec.SpanBytesEncoderTest._Benchmark.benchmark_localSpan_THRIFT,837638.3,838203.1,837943,838482,1.000302,1.000373
zipkin2.codec.SpanBytesDecoderTest._Benchmark.benchmark_emptyListOk_JSON_V2,399889.8,400142.4,399928.1,400204.3,1.000085,1.00015
zipkin2.codec.V1SpanBytesDecoderTest._Benchmark.benchmark_specialCharsInJson_THRIFT,377081.1,377310.3,377108.1,377361.8,1.000063,1.000132
zipkin2.SpanBytesDecoderDetectorTest._Benchmark.benchmark_decoderForListMessage_json_v1,215034.7,215171.4,215025.8,215175.2,0.9999441,1.000016
zipkin2.SpanTest._Benchmark.benchmark_spanNamesLowercase,962330,963043.1,962454.7,963103,1.000048,1.000133
zipkin2.storage.QueryRequestTest._Benchmark.benchmark_remoteServiceName_coercesEmptyToNull,680187.1,680642.6,680190.5,680711.3,0.9999872,1.000106
zipkin2.internal.ReadBufferTest._Benchmark.benchmark_byteBuffer_limited,1317600,1318442,1317147,1318131,0.9996637,0.9997712
zipkin2.codec.SpanBytesDecoderTest._Benchmark.benchmark_localSpanRoundTrip_PROTO3,759600.8,760112.2,759491.6,759992.6,0.9998445,0.999879
zipkin2.codec.SpanBytesEncoderTest._Benchmark.benchmark_span_noLocalServiceName_JSON_V2,550525.1,550889.3,550600.9,550956.4,1.000078,1.000141
zipkin2.codec.SpanBytesEncoderTest._Benchmark.benchmark_span_minimum_JSON_V2,1188199,1189015,1188370,1189132,1.000088,1.000181
zipkin2.internal.V1ThriftSpanWriterTest._Benchmark.benchmark_writeList_startsWithListPrefix,452379.1,452678.7,452316.5,452622.2,0.9998303,0.9998774
zipkin2.storage.QueryRequestTest._Benchmark.benchmark_annotationQueryTrimsSpaces,142816.5,142898.8,142797.9,142897.8,0.9998709,1.000005
zipkin2.internal.WriteBufferTest._Benchmark.benchmark_utf8_malformed,197087,197213.5,197062.3,197196.7,0.9998453,0.9999128
zipkin2.SpanTest._Benchmark.benchmark_annotationsDedupe,503779.8,504148,503842.1,504179.1,1.000062,1.00013
zipkin2.codec.EncodingTest._Benchmark.benchmark_emptyList_json,1378936,1379931,1379320,1380260,1.00024,1.000286
zipkin2.internal.V1JsonSpanWriterTest._Benchmark.benchmark_writesAddressBinaryAnnotation_client,327701.6,327923.3,327687.9,327933.2,0.9999128,1.000027
zipkin2.codec.SpanBytesDecoderTest._Benchmark.benchmark_spanRoundTrip_JSON_V2,156138.6,156247.9,156113.8,156220.6,0.999802,0.9998665
zipkin2.storage.QueryRequestTest._Benchmark.benchmark_test_remoteServiceName,631482.1,631903,631488.3,631895.7,0.9999588,1.000013
zipkin2.internal.Proto3ZipkinFieldsTest._Benchmark.benchmark_span_read_name,696653.6,697158.3,696697,697191.5,1.00003,1.000087
zipkin2.v1.V1SpanTest._Benchmark.benchmark_binaryAnnotationEndpoint_ignoresEmptyAddress,1372371,1373418,1372389,1373311,0.9999464,0.9999967
zipkin2.codec.SpanBytesDecoderTest._Benchmark.benchmark_spanRoundTrip_noAnnotations_rootServerSpan_PROTO3,451997.5,452308.1,452002.8,452300.8,0.9999614,1.000005
zipkin2.v1.V1SpanConverterTest._Benchmark.benchmark_convert_ma_incorrect_value,641785.5,642225.6,641718.6,642167.1,0.9998862,0.9999185
zipkin2.codec.SpanBytesDecoderTest._Benchmark.benchmark_spanRoundTrip_PROTO3,343583.2,343806.8,343573.5,343833.6,0.9999686,1.000078
zipkin2.SpanTest._Benchmark.benchmark_removesSharedFlagFromClientSpans,995046.4,995735.6,994906.6,995629.5,0.9998293,0.999923
zipkin2.codec.SpanBytesDecoderTest._Benchmark.benchmark_readSpan_remoteEndpoint_noServiceName,312368.1,312576.3,312304.9,312516,0.9997843,0.9998239
zipkin2.codec.V1SpanBytesDecoderTest._Benchmark.benchmark_spanRoundTrip_64bitTraceId_THRIFT,201701.1,201841.9,201699.2,201854.8,0.9999797,1.000061
zipkin2.SpanTest._Benchmark.benchmark_debug_canUnset,983392.1,984087.5,983191.2,983945.6,0.9998114,0.9998746
zipkin2.internal.V2SpanWriterTest._Benchmark.benchmark_omitsEmptyServiceName,414234.1,414524.5,414299.7,414617.1,1.000139,1.000192
zipkin2.SpanTest._Benchmark.benchmark_toString_isJson,857700.3,858345.6,857824.6,858459.1,1.000109,1.000152
zipkin2.storage.QueryRequestTest._Benchmark.benchmark_annotationQuerySkipsEmptyKeys,660918.5,661355.8,660822.6,661293.9,0.9998619,0.9999123
zipkin2.internal.V1JsonSpanWriterTest._Benchmark.benchmark_writesAddressBinaryAnnotation_producer,326480,326723.6,326505,326745.2,1.000065,1.000102
zipkin2.codec.SpanBytesEncoderTest._Benchmark.benchmark_errorSpan_JSON_V2,1071137,1071847,1071195,1071932,1.000052,1.000093
zipkin2.codec.SpanBytesDecoderTest._Benchmark.benchmark_spanRoundTrip_shared_PROTO3,321205,321450.7,321263.8,321514.7,1.000163,1.000238
zipkin2.internal.V1ThriftSpanWriterTest._Benchmark.benchmark_writesAddressBinaryAnnotation_server,21253.86,21270.43,21256.5,21271.85,1.000047,1.000124
zipkin2.EndpointTest._Benchmark.benchmark_ipv6_notMappedIpv4,1177370,1178286,1177332,1178293,0.9999588,1.000027
zipkin2.EndpointTest._Benchmark.benchmark_newBuilderWithPort_0CoercesToNull,1353084,1354077,1353258,1354277,1.000125,1.000164
zipkin2.internal.SpanNodeTest._Benchmark.benchmark_build_changingIps,303086.7,303302.1,303150.9,303343.4,1.000134,1.000241
zipkin2.internal.Proto3ZipkinFieldsTest._Benchmark.benchmark_span_read_shared,748880.7,749469.7,748899,749428.7,0.9999828,1.000038
zipkin2.v1.SpanConverterTest._Benchmark.benchmark_clientAndServer,286962.9,287157,286879.8,287091.9,0.9997044,0.9998117
zipkin2.internal.SpanNodeTest._Benchmark.benchmark_build_headless,297193.1,297389.2,297208.5,297440.9,1.000065,1.000197
zipkin2.SpanTest._Benchmark.benchmark_localServiceName,924693.6,925381.9,924285.8,924959.9,0.9995153,0.9995878
zipkin2.codec.V1SpanBytesDecoderTest._Benchmark.benchmark_spanRoundTrip_noAnnotations_rootServerSpan_shared_JSON_V1,130123.6,130228.9,130161.1,130258.6,1.000205,1.000308
zipkin2.codec.SpanBytesEncoderTest._Benchmark.benchmark_span_64bitTraceId_JSON_V2,534081.3,534510,534225.6,534658.7,1.000253,1.000296
zipkin2.codec.V1SpanBytesDecoderTest._Benchmark.benchmark_skipsIncompleteEndpoint,155322.2,155445.6,155336.2,155450.7,1.000011,1.000143
zipkin2.internal.V1JsonSpanWriterTest._Benchmark.benchmark_skipsTimestampAndDuration_shared,299456.4,299679.2,299413.9,299637.7,0.9998246,0.9998662
zipkin2.codec.SpanBytesDecoderTest._Benchmark.benchmark_readSpan_localEndpoint_noServiceName,314718.8,314995,314691.1,314960.2,0.9998673,0.9999122
zipkin2.storage.QueryRequestTest._Benchmark.benchmark_test_matchesTimestamp,665631.8,666138,665575.4,666055.2,0.9998712,0.9999584
zipkin2.SpanTest._Benchmark.benchmark_parentId_sameAsIdCoerseToNull,733206.7,733762.2,733177.2,733798.2,0.99997,1.000046
zipkin2.internal.V1JsonSpanWriterTest._Benchmark.benchmark_sizeInBytes,371132,371424.8,371041.3,371336.1,0.9997607,0.9998189
zipkin2.storage.StrictTraceIdTest._Benchmark.benchmark_hasClashOnLowerTraceId,685495.6,686081.9,685483.7,686068.8,0.9999459,0.9999874
zipkin2.internal.V1ThriftSpanWriterTest._Benchmark.benchmark_writesBeginAnnotation_client_noEndpoint,44122.75,44158.97,44124.12,44159.24,1,1.000058
zipkin2.codec.SpanBytesEncoderTest._Benchmark.benchmark_span_THRIFT,466216,466580.8,466138.6,466509.1,0.9998062,0.9998497
zipkin2.internal.V1JsonSpanWriterTest._Benchmark.benchmark_writesCoreSendAnnotations_consumer,336579.7,336867.6,336599.2,336858.1,0.999968,1.000054
zipkin2.codec.V1SpanBytesDecoderTest._Benchmark.benchmark_spanRoundTrip_JSON_V1,96432.68,96504.83,96424.86,96507.82,0.9999032,1.000022
zipkin2.storage.InMemoryStorageTest._Benchmark.benchmark_replayOverwrites,381428.1,381763.2,381445,381734.8,0.9999314,1.000035
zipkin2.codec.SpanBytesEncoderTest._Benchmark.benchmark_span_64bitTraceId_JSON_V1,330846.4,331119.7,330909.6,331158.2,1.000109,1.000193
zipkin2.internal.FilterTracesTest._Benchmark.benchmark_doesntMutateInputWhenUnmatched,1355858,1356914,1355976,1357095,1.000087,1.000134
zipkin2.SpanBytesDecoderDetectorTest._Benchmark.benchmark_decoderForListMessage_thrift,398571.5,398900.3,398486.8,398823.3,0.9997609,0.999829
zipkin2.codec.SpanBytesDecoderTest._Benchmark.benchmark_traceRoundTrip_PROTO3_heapBuffer,162988.2,163119.5,162989.7,163130.3,0.9999631,1.000036
zipkin2.codec.SpanBytesEncoderTest._Benchmark.benchmark_noAnnotations_rootServerSpan_JSON_V2,820158.9,820845.5,820168.4,820845.8,0.9999895,1.000052
zipkin2.SpanTest._Benchmark.benchmark_putTagOverwritesValue,793095,793769.8,793281,793891,1.000111,1.000235
zipkin2.codec.V1SpanBytesDecoderTest._Benchmark.benchmark_spanRoundTrip_noAnnotations_rootServerSpan_THRIFT,289072.6,289309.4,289127.7,289363.1,1.000154,1.000205
zipkin2.storage.StrictTraceIdTest._Benchmark.benchmark_filterSpans,872751,873466.7,872797.6,873582.4,1.000005,1.000128
zipkin2.codec.SpanBytesDecoderTest._Benchmark.benchmark_spanRoundTrip_noRemoteServiceName_JSON_V2,152476,152610.8,152441.1,152570.8,0.9997312,0.9998011
zipkin2.EndpointTest._Benchmark.benchmark_ipv6_downcases,1010105,1010878,1009935,1010743,0.9998319,0.9999059
zipkin2.internal.V1JsonSpanWriterTest._Benchmark.benchmark_annotationsHaveEndpoints,371877.4,372203.1,371807.7,372114.3,0.9997914,0.9998655
zipkin2.codec.SpanBytesEncoderTest._Benchmark.benchmark_span_noLocalServiceName_JSON_V1,340404,340702.7,340368.2,340673.3,0.9998751,0.9999305
zipkin2.v1.SpanConverterTest._Benchmark.benchmark_onlyAddressAnnotations,625437.4,625916.9,625250.3,625755.7,0.9996896,0.9997741
zipkin2.codec.SpanBytesEncoderTest._Benchmark.benchmark_noAnnotations_rootServerSpan_THRIFT_incomplete,529051.3,529475.3,528938.2,529422,0.9998007,0.9998994
zipkin2.storage.QueryRequestTest._Benchmark.benchmark_annotationQuery_roundTrip,415509.5,415881.4,415715.7,416042.8,1.000354,1.000498
zipkin2.internal.DateUtilTest._Benchmark.benchmark_midnightUTCTest,309810,310076,309859.4,310111.2,1.000132,1.000191
zipkin2.internal.WriteBufferTest._Benchmark.benchmark_writeAscii_long,1049947,1050859,1049558,1050505,0.9996115,0.9996773
zipkin2.internal.V2SpanWriterTest._Benchmark.benchmark_sizeInBytes,548138.4,548635.3,548370.6,548856.2,1.000371,1.000446
zipkin2.internal.V1ThriftSpanWriterTest._Benchmark.benchmark_writesDebugFalse,125375,125484,125399.2,125509.6,1.000155,1.000213
zipkin2.v1.SpanConverterTest._Benchmark.benchmark_redundantServiceNameOnAddressAnnotations_server,593858.3,594335.7,593900.2,594423.8,1.000051,1.000148
zipkin2.codec.SpanBytesEncoderTest._Benchmark.benchmark_localSpan_JSON_V2,1036399,1037286,1036412,1037314,0.9999743,1.000034
zipkin2.internal.WriteBufferTest._Benchmark.benchmark_utf8SizeInBytes,64.31839,64.37483,64.33084,64.38686,1.000162,1.000228
zipkin2.storage.QueryRequestTest._Benchmark.benchmark_spanName_coercesEmptyToNull,664144.4,664788.2,664227.4,664842.9,1.000081,1.000146
zipkin2.codec.EncodingTest._Benchmark.benchmark_singletonList_json,1308879,1310068,1308731,1309985,0.9999015,0.9999575
zipkin2.storage.InMemoryStorageTest._Benchmark.benchmark_getTraces_byTraceIds,268492.4,268728.9,268538.9,268764.8,1.000108,1.000207
zipkin2.codec.SpanBytesDecoderTest._Benchmark.benchmark_traceRoundTrip_PROTO3,164185.1,164340.9,164218.6,164379.6,1.000159,1.00022
zipkin2.internal.V1JsonSpanWriterTest._Benchmark.benchmark_writes128BitTraceId,378540,378901.3,378505.7,378857.8,0.9998737,0.9999255
zipkin2.codec.SpanBytesEncoderTest._Benchmark.benchmark_span_noLocalServiceName_THRIFT,422030.2,422408.9,422037.8,422398.8,0.9999759,1.000029
zipkin2.internal.V1ThriftSpanWriterTest._Benchmark.benchmark_doesntWriteAnnotationsWhenMissingTimestamp,543349.5,543839.4,543194.2,543712.6,0.9997275,0.9998139
zipkin2.codec.SpanBytesEncoderTest._Benchmark.benchmark_specialCharsInJson_JSON_V1,492177.2,492642.7,492370.5,492813.8,1.000288,1.000407
zipkin2.internal.SpanNodeTest._Benchmark.benchmark_ordersChildrenByTimestamp,360762.9,361106.4,360661.6,360993.3,0.9996785,0.9997144
zipkin2.storage.QueryRequestTest._Benchmark.benchmark_test_spanName,629152.7,629674.7,629067.1,629707.5,0.9998798,1.000051
zipkin2.codec.SpanBytesDecoderTest._Benchmark.benchmark_readsTraceIdHighFromTraceIdField,190551,190726.8,190520.5,190693.6,0.9997942,0.9998428
zipkin2.internal.Proto3ZipkinFieldsTest._Benchmark.benchmark_span_read,344097.4,344401,344125.6,344462.7,1.000081,1.000137
zipkin2.internal.Proto3FieldsTest._Benchmark.benchmark_fixed32_sizeInBytes,936946.4,937856.3,937007.9,937873.9,1.000004,1.000083
zipkin2.v1.SpanConverterTest._Benchmark.benchmark_assumesServerWithoutTimestampIsShared,617104,617684.6,617101.4,617685.6,0.9999793,1.000026
zipkin2.codec.SpanBytesEncoderTest._Benchmark.benchmark_span_minimum_THRIFT,967811.8,968733.8,967927.1,968900.6,1.000102,1.000164
zipkin2.internal.Proto3FieldsTest._Benchmark.benchmark_varint_sizeInBytes,866998.3,867849.6,866912.1,867736.4,0.9998654,0.9999447
zipkin2.internal.Proto3ZipkinFieldsTest._Benchmark.benchmark_endpoint_sizeInBytes,728492,729160.6,728527.9,729192.5,1.000015,1.000078
zipkin2.internal.Proto3FieldsTest._Benchmark.benchmark_boolean_sizeInBytes,924137.6,925012.8,924523.3,925311.8,1.000313,1.000443
zipkin2.codec.SpanBytesEncoderTest._Benchmark.benchmark_noAnnotations_rootServerSpan_PROTO3_shared,614119.3,614694.2,614214.9,614745.6,1.000098,1.000179
zipkin2.internal.ReadBufferTest._Benchmark.benchmark_readVarint32,1199997,1200970,1199633,1200753,0.9996595,0.9998157
zipkin2.internal.Proto3ZipkinFieldsTest._Benchmark.benchmark_span_write_debug,435609,436020.5,435574.6,435996.5,0.9999275,0.9999665
zipkin2.internal.V2SpanWriterTest._Benchmark.benchmark_writes128BitTraceId,489015,489485.9,488854.4,489330.1,0.9995894,0.999681
zipkin2.internal.V1ThriftSpanWriterTest._Benchmark.benchmark_tagsAreBinaryAnnotations,28646.37,28676.94,28649.52,28677.32,1.000017,1.000176
zipkin2.codec.EncodingTest._Benchmark.benchmark_multiItemList_proto3,1307907,1309255,1308413,1309635,1.000303,1.000394
zipkin2.codec.V1SpanBytesDecoderTest._Benchmark.benchmark_readsTraceIdHighFromTraceIdField,184816.7,185001.4,184872.7,185049.1,1.000214,1.000309
zipkin2.storage.QueryRequestTest._Benchmark.benchmark_serviceNameCanBeNull,681589.7,682284.7,681442.7,682060.7,0.9996561,0.9997895
zipkin2.internal.ReadBufferTest._Benchmark.benchmark_readInt_bytes,1299953,1301242,1299848,1301205,0.9999246,0.9999893
zipkin2.SpanTest._Benchmark.benchmark_remoteEndpoint_emptyToNull,1009151,1010135,1008966,1009946,0.9997757,0.9998389
zipkin2.SpanTest._Benchmark.benchmark_traceIdFromLong,952707.2,953621.7,952703.9,953658.9,0.9999471,1.000079
zipkin2.codec.SpanBytesEncoderTest._Benchmark.benchmark_noAnnotations_rootServerSpan_JSON_V2_shared,669361.5,670050.5,669294.3,670009.4,0.9998766,0.9999387
zipkin2.codec.SpanBytesDecoderTest._Benchmark.benchmark_traceRoundTrip_PROTO3_heapBufferOffset,169902.2,170074.6,169832.3,170001.8,0.9995391,0.9995959
zipkin2.internal.Proto3FieldsTest._Benchmark.benchmark_utf8_sizeInBytes,942550.6,943426.8,942813.9,943668.9,1.000189,1.000257
zipkin2.codec.V1SpanBytesDecoderTest._Benchmark.benchmark_readSpan_localEndpoint_noServiceName,312534.9,312853.8,312609.7,312950.2,1.000227,1.000278
zipkin2.internal.SpanNodeTest._Benchmark.benchmark_build_redundantIgnored,267713.3,267995.7,267736.3,268005.1,1.000013,1.000082
zipkin2.codec.V1SpanBytesDecoderTest._Benchmark.benchmark_spanRoundTrip_noAnnotations_rootServerSpan_shared_THRIFT,261990.8,262267.9,261932.9,262203.6,0.9997475,0.9998084
zipkin2.EndpointTest._Benchmark.benchmark_lowercasesServiceName,1242248,1243512,1242540,1243848,1.00023,1.000306
zipkin2.internal.Proto3FieldsTest._Benchmark.benchmark_field_skipValue_VARINT,946863.9,947841,947029.1,948030.8,1.000157,1.00024
zipkin2.internal.Proto3ZipkinFieldsTest._Benchmark.benchmark_tag_sizeInBytes,925057.6,925982.8,924821.7,925908.8,0.9997489,0.9999287
zipkin2.internal.V1JsonSpanWriterTest._Benchmark.benchmark_writesCoreSendAnnotations_server,326254,326653.3,326275.3,326626.2,0.9999368,1.000074
zipkin2.v1.V1SpanConverterTest._Benchmark.benchmark_convert_sa,646603.5,647314.4,646856.4,647484.4,1.000257,1.000444
zipkin2.internal.V1ThriftSpanWriterTest._Benchmark.benchmark_writesTimestampAndDuration,50932.7,50989.81,50914.26,50974.65,0.9996332,0.9997194
zipkin2.internal.V1JsonSpanWriterTest._Benchmark.benchmark_writesAddressBinaryAnnotation_consumer,327156,327541.5,327183.1,327535.7,0.9999418,1.000088
zipkin2.codec.SpanBytesDecoderTest._Benchmark.benchmark_spanRoundTrip_64bitTraceId_JSON_V2,144040.9,144202.1,144059.8,144235.3,1.000079,1.000244
zipkin2.codec.SpanBytesEncoderTest._Benchmark.benchmark_span_64bitTraceId_PROTO3,532702.9,533333.6,532629.4,533258.4,0.9997559,0.9998761
zipkin2.internal.V1JsonSpanWriterTest._Benchmark.benchmark_tagsAreBinaryAnnotations,364133.4,364564.6,364402.4,364813.7,1.000664,1.000755
zipkin2.internal.ReadBufferTest._Benchmark.benchmark_readLongLe_bytes,1299142,1300811,1299590,1301090,1.000209,1.000345
zipkin2.SpanTest._Benchmark.benchmark_parentIdFromLong,935250.8,936434.2,935362.5,936417.2,1.000024,1.000146
zipkin2.internal.Proto3ZipkinFieldsTest._Benchmark.benchmark_span_write_writesIds,233263,233535.8,233354.9,233598.9,1.00027,1.000399
zipkin2.v1.V1SpanConverterTest._Benchmark.benchmark_convert_ca,657942.5,658651.3,657903.8,658697.3,0.9998796,1.000046
zipkin2.codec.SpanBytesEncoderTest._Benchmark.benchmark_noAnnotations_rootServerSpan_THRIFT,564232.1,564880.1,564468.6,565067.4,1.000333,1.000419
zipkin2.internal.Proto3ZipkinFieldsTest._Benchmark.benchmark_span_write_startsWithFieldInListOfSpans,678581.1,679372.1,678548.5,679379.1,0.9998978,1.000032
zipkin2.codec.SpanBytesDecoderTest._Benchmark.benchmark_falseOnEmpty_inputSpans_PROTO3,1364924,1366562,1365122,1366807,1.000134,1.000221
zipkin2.codec.V1SpanBytesDecoderTest._Benchmark.benchmark_readSpan_remoteEndpoint_noServiceName,312417.6,312763.1,312293.8,312703.1,0.9996053,0.9998083
zipkin2.internal.Proto3ZipkinFieldsTest._Benchmark.benchmark_span_read_kind_tolerant,550527.9,551253.4,550664.6,551306.7,1.000124,1.000284
zipkin2.internal.Proto3ZipkinFieldsTest._Benchmark.benchmark_span_read_annotation,620505.4,621304.4,620606.2,621281.7,0.999974,1.000133
zipkin2.internal.Proto3ZipkinFieldsTest._Benchmark.benchmark_span_read_kind,748630.9,749474.9,748358.4,749274.5,0.9996411,0.9997396
zipkin2.codec.V1SpanBytesDecoderTest._Benchmark.benchmark_spanRoundTrip_THRIFT,222852.5,223165.8,222803.4,223079.3,0.9995686,0.9997064
zipkin2.codec.SpanBytesDecoderTest._Benchmark.benchmark_spanRoundTrip_noAnnotations_rootServerSpan_incomplete_PROTO3,406365.5,406867.9,406670.4,407199,1.000702,1.000825
zipkin2.codec.EncodingTest._Benchmark.benchmark_emptyList_proto3,1375930,1377568,1375782,1377482,0.9999293,1.000013
zipkin2.codec.V1SpanBytesDecoderTest._Benchmark.benchmark_spanRoundTrip_64bitTraceId_JSON_V1,96660.12,96771.55,96656.12,96768.96,0.999912,1.000022
zipkin2.codec.V1SpanBytesDecoderTest._Benchmark.benchmark_niceErrorOnNull_traceId,126245.3,126396.9,126245.7,126409.3,1.000014,1.000116
zipkin2.codec.SpanBytesDecoderTest._Benchmark.benchmark_skipsIncompleteEndpoint,100929.1,101046.1,100855.1,100983.2,0.9993167,0.9994085
zipkin2.v1.SpanConverterTest._Benchmark.benchmark_dataMissingEndpointGoesOnFirstSpan,309838.7,310209,309731.9,310149.1,0.9996025,0.9998072
zipkin2.internal.SpanNodeTest._Benchmark.benchmark_build_skewedTrace,314991.2,315406.9,315007.7,315389.7,0.9999396,1.000066
zipkin2.v1.V1SpanConverterTest._Benchmark.benchmark_convert_sa_incorrect_value,642096.6,642840.6,641842.7,642696.6,0.9996045,0.9997759
zipkin2.internal.Proto3FieldsTest._Benchmark.benchmark_field_skipValue_FIXED64,952268.4,953459.7,952404.9,953499.2,1.00005,1.000158
zipkin2.internal.Proto3ZipkinFieldsTest._Benchmark.benchmark_span_write_shared,450812.3,451368,450737.7,451287.9,0.9997733,0.9998391
zipkin2.storage.QueryRequestTest._Benchmark.benchmark_test_annotationQuery_annotationsAndTag,304842.3,305228.6,305012.8,305376,1.000526,1.00061
zipkin2.codec.SpanBytesDecoderTest._Benchmark.benchmark_niceErrorOnNull_annotationValue,115547.4,115692.8,115614.2,115750.1,1.000417,1.00058
zipkin2.v1.SpanConverterTest._Benchmark.benchmark_lateRemoteEndpoint_ss,2949.707,2953.598,2950.473,2954.158,1.000176,1.000252
zipkin2.storage.QueryRequestTest._Benchmark.benchmark_test_noRootSpanLeastWins,587250.3,587997.3,587139.6,587961,0.9997922,0.9999414
zipkin2.internal.Proto3FieldsTest._Benchmark.benchmark_field_skipValue_FIXED32,959890.5,961183,960012,961285.8,1.000014,1.000149
zipkin2.codec.SpanBytesDecoderTest._Benchmark.benchmark_emptyListOk_JSON_V1,401072,401545,400897.2,401399.9,0.9995553,0.9996343
zipkin2.internal.SpanNodeTest._Benchmark.benchmark_build_outOfOrder,299388.1,299754.1,299369.1,299738.3,0.9998958,0.9999644
zipkin2.codec.SpanBytesDecoderTest._Benchmark.benchmark_localSpanRoundTrip_JSON_V2,267356.9,267685.7,267501.9,267845.7,1.00051,1.000614
zipkin2.v1.SpanConverterTest._Benchmark.benchmark_parsesSharedFlagFromRPCSpan,594796.9,595608.4,594617.9,595517.6,0.9996991,0.9998475
zipkin2.storage.InMemoryStorageTest._Benchmark.benchmark_differentiatesOnTraceIdWhenTimestampEqual,74244.34,74339.24,74229.26,74327.36,0.999809,0.9999117
zipkin2.storage.QueryRequestTest._Benchmark.benchmark_test_annotationQuery_twoAnnotation,375890.3,376395.8,376030.6,376465,1.000159,1.000373
zipkin2.SpanTest._Benchmark.benchmark_normalizeTraceId_padsTo128,964505.2,965893.2,964974.2,966136.4,1.000283,1.00047
zipkin2.codec.SpanBytesDecoderTest._Benchmark.benchmark_spanRoundTrip_noAnnotations_rootServerSpan_JSON_V2,209167.2,209453.3,209172.5,209440,0.9999557,1.000078
zipkin2.codec.SpanBytesEncoderTest._Benchmark.benchmark_noAnnotations_rootServerSpan_JSON_V2_incomplete,677545.2,678337.3,677449.7,678252.9,0.999841,0.9999091
zipkin2.internal.V1JsonSpanWriterTest._Benchmark.benchmark_writesCoreAnnotations_client,325989.3,326426,326117,326533.5,1.000319,1.00041
zipkin2.SpanTest._Benchmark.benchmark_remoteServiceName,918608.6,919733.3,918762.5,919971.5,1.000146,1.000268
zipkin2.codec.SpanBytesDecoderTest._Benchmark.benchmark_specialCharsInJson_JSON_V2,183526.2,183779.2,183457.9,183683.2,0.9994597,0.9996682
zipkin2.SpanBytesDecoderDetectorTest._Benchmark.benchmark_decoderForListMessage_thrift_incorrectFirstByte,443143.4,443740.4,443009.9,443590.4,0.9996247,0.9997107
zipkin2.SpanTest._Benchmark.benchmark_builder_canUnsetParent,910639.3,911866.5,911129.6,912309.8,1.000454,1.000577
zipkin2.internal.V1ThriftSpanWriterTest._Benchmark.benchmark_writesEmptyAnnotationAndBinaryAnnotations,77544.9,77654.28,77547.3,77641.34,0.9998234,1.000023
zipkin2.codec.SpanBytesDecoderTest._Benchmark.benchmark_ignoresNull_endpoint_topLevelFields,287909.6,288262.1,288026.7,288369.6,1.000366,1.000442
zipkin2.codec.SpanBytesDecoderTest._Benchmark.benchmark_niceErrorOnTruncatedSpans_PROTO3,121350.3,121496.6,121313.9,121471.9,0.9996815,0.9998106
zipkin2.SpanTest._Benchmark.benchmark_builder_merge_tags,828296.7,829395.4,828160.1,829313.1,0.9998402,0.9999496
zipkin2.v1.SpanConverterTest._Benchmark.benchmark_server_clientAddress,514636.7,515170,514350.3,515021.1,0.9994355,0.9997181
zipkin2.internal.WriteBufferTest._Benchmark.benchmark_writeVarint_32,567459,568158,567527.9,568248.4,1.000129,1.000249
zipkin2.SpanTest._Benchmark.benchmark_localEndpoint_emptyToNull,993377.8,994739,993445.3,994673.4,0.9999235,1.000072
zipkin2.codec.V1SpanBytesDecoderTest._Benchmark.benchmark_spanRoundTrip_noRemoteServiceName_THRIFT,220394,220682.3,220399.5,220698.3,0.9999826,1.00008
zipkin2.v1.SpanConverterTest._Benchmark.benchmark_oneway_loopback,476238.5,476908.3,476391.7,477000,1.000195,1.000359
zipkin2.v1.SpanConverterTest._Benchmark.benchmark_redundantAddressAnnotations_client,579432.2,580167.4,579536.4,580330,1.000126,1.000274
zipkin2.internal.V2SpanWriterTest._Benchmark.benchmark_tagsAreAMap,465820,466456.6,465764.2,466347.6,0.9998089,0.9999312
zipkin2.codec.SpanBytesDecoderTest._Benchmark.benchmark_ignoresNull_topLevelFields,284088.8,284495.3,284179.2,284512,1.000059,1.000338
zipkin2.internal.DependenciesTest._Benchmark.benchmark_dependenciesRoundTrip,868930.9,870202.6,869309.3,870439.3,1.000269,1.000434
zipkin2.v1.SpanConverterTest._Benchmark.benchmark_client_unfinished,3201.606,3205.841,3202.051,3206.677,1.000143,1.000281
zipkin2.codec.SpanBytesDecoderTest._Benchmark.benchmark_traceRoundTrip_JSON_V2,71791.21,71894.05,71804.1,71899.56,1.000077,1.000226
zipkin2.SpanTest._Benchmark.benchmark_normalizeTraceId_truncates64BitZeroPrefix,917396.1,918831.9,917987,919129.9,1.000383,1.000635
zipkin2.internal.JsonCodecTest._Benchmark.benchmark_doesntStackOverflowOnToBufferWriterBug_Overflow,194749.4,195051.7,194796,195084.8,1.000163,1.000273
zipkin2.storage.QueryRequestTest._Benchmark.benchmark_test_wrongServiceName,660958.2,661847.5,661095.1,661965.3,1.000142,1.000269
zipkin2.internal.V2SpanWriterTest._Benchmark.benchmark_writesAnnotationWithoutEndpoint,441240.3,441845.5,440885.1,441512.7,0.9991951,0.9994028
zipkin2.internal.Proto3ZipkinFieldsTest._Benchmark.benchmark_annotation_sizeInBytes,941923.8,943287,942412.3,943748.6,1.000465,1.000611
zipkin2.v1.SpanConverterTest._Benchmark.benchmark_server,1748.261,1750.686,1748.097,1750.63,0.9998456,1.000009
zipkin2.codec.SpanBytesDecoderTest._Benchmark.benchmark_spanRoundTrip_shared_JSON_V2,142667.9,142872.5,142639.8,142846.4,0.999815,0.9999164
zipkin2.internal.Proto3FieldsTest._Benchmark.benchmark_field_skipValue_LENGTH_DELIMITED,922721.2,924122.7,923210.9,924623.7,1.000503,1.000574
zipkin2.codec.V1SpanBytesDecoderTest._Benchmark.benchmark_niceErrorOnTruncatedSpans_THRIFT,103993.8,104146,103976,104130.5,0.9997052,0.9998602
zipkin2.codec.V1SpanBytesDecoderTest._Benchmark.benchmark_spanRoundTrip_noAnnotations_rootServerSpan_incomplete_THRIFT,289346.9,289727.2,289278.2,289631.7,0.9996569,0.9997801
zipkin2.codec.V1SpanBytesDecoderTest._Benchmark.benchmark_niceErrorOnNull_annotationTimestamp,116375.1,116546.7,116400.3,116571,1.000183,1.00027
zipkin2.internal.Proto3FieldsTest._Benchmark.benchmark_supportedFields,627346,628442.4,627751.8,628655.7,1.000327,1.000632
zipkin2.internal.WriteBufferTest._Benchmark.benchmark_writeLongLe_matchesByteBuffer,1213284,1214797,1212803,1214523,0.999599,0.9997919
zipkin2.v1.SpanConverterTest._Benchmark.benchmark_noAnnotationsExceptAddresses,2779.622,2783.582,2780.681,2784.731,1.000387,1.000488
zipkin2.internal.ReadBufferTest._Benchmark.benchmark_readVarint64,1112001,1113863,1112590,1114123,1.000198,1.000632
zipkin2.internal.V1JsonSpanWriterTest._Benchmark.benchmark_writesEmptyServiceName,332553,333014,332414.8,332963.9,0.9996158,0.9998881
zipkin2.storage.QueryRequestTest._Benchmark.benchmark_test_maxDuration,601725.5,602702.4,601819.6,602703.1,0.9999944,1.00015
zipkin2.codec.V1SpanBytesDecoderTest._Benchmark.benchmark_ignoresNull_topLevelFields,289937.7,290350.9,290033.7,290433.5,1.000211,1.000356
zipkin2.internal.SpanNodeTest._Benchmark.benchmark_constructsTraceTree_qualifiesChildrenOfDuplicateServerSpans_mixedShared,207901.9,208191.5,207900.5,208179.3,0.999886,1.000027
zipkin2.codec.V1SpanBytesDecoderTest._Benchmark.benchmark_niceErrorOnNull_annotationValue,112933.2,113087.5,112910.6,113086.4,0.9997601,0.999981
zipkin2.codec.SpanBytesEncoderTest._Benchmark.benchmark_noAnnotations_rootServerSpan_JSON_V1_incomplete,493623.1,494332.8,493397.1,494154.9,0.9995192,0.9996745
zipkin2.codec.V1SpanBytesDecoderTest._Benchmark.benchmark_niceErrorOnIncomplete_annotation,114783.3,114956.8,114737.4,114909.2,0.9995753,0.9996707
zipkin2.SpanTest._Benchmark.benchmark_builder_merge_remoteEndpoint_merge,11283.43,11300.17,11279.51,11296.8,0.9996684,0.9997531
zipkin2.SpanTest._Benchmark.benchmark_builder_merge_remoteEndpoint_redundant,11227.79,11244.79,11231.9,11247.91,1.00022,1.00038
zipkin2.internal.Proto3ZipkinFieldsTest._Benchmark.benchmark_span_write_omitsEmptyEndpoints,832773.4,834061.3,832681.8,833925.7,0.9997589,0.999916
zipkin2.internal.V1JsonSpanWriterTest._Benchmark.benchmark_writesCoreAnnotations_server,282200.2,282641.4,282191.1,282643.4,0.9998447,1.000048
zipkin2.internal.V1JsonSpanWriterTest._Benchmark.benchmark_writesCoreSendAnnotations_producer,337454.5,337967.4,337608.8,338141,1.000402,1.000534
zipkin2.SpanBytesDecoderDetectorTest._Benchmark.benchmark_decoderForListMessage_json_v2_partial_remoteEndpoint,724495.6,725686.5,724773.3,725862.5,1.000249,1.000479
zipkin2.v1.SpanConverterTest._Benchmark.benchmark_clientAndServer_loopback,477924.3,478684,478189.3,478939.5,1.000422,1.000581
zipkin2.storage.QueryRequestTest._Benchmark.benchmark_test_noTimestamp,664176.6,665216.6,664333,665382.6,1.000165,1.000282
zipkin2.codec.V1SpanBytesDecoderTest._Benchmark.benchmark_niceErrorOnNull_id,117870.9,118042.9,117805.9,117980.9,0.9993652,0.9994737
zipkin2.v1.SpanConverterTest._Benchmark.benchmark_server_missingSr,658049.6,659192.7,658752.3,659643.5,1.000684,1.001143
zipkin2.internal.Proto3ZipkinFieldsTest._Benchmark.benchmark_span_write_kind,738958.5,740194.5,739183.5,740382,1.000195,1.000316
zipkin2.SpanTest._Benchmark.benchmark_canUsePrimitiveOverloads,13185.31,13208.16,13193.35,13214.4,1.000481,1.000624
zipkin2.codec.SpanBytesDecoderTest._Benchmark.benchmark_niceErrorOnNull_id,122332.1,122502.9,122231.1,122432.8,0.9991757,0.9994414
zipkin2.internal.V1JsonSpanWriterTest._Benchmark.benchmark_writesAddressBinaryAnnotation_server,316078.1,316587.2,316280.7,316806.3,1.000657,1.000804
zipkin2.SpanTest._Benchmark.benchmark_builder_merge_localEndpoint_merge,12620.98,12641.64,12621.16,12640.5,0.9998977,1.000024
zipkin2.internal.Proto3ZipkinFieldsTest._Benchmark.benchmark_span_read_timestamp_duration,730106.7,731271.4,730086.4,731204.2,0.9998165,0.9999963
zipkin2.internal.V1ThriftSpanWriterTest._Benchmark.benchmark_writesEmptySpanName,246622.7,247049.1,246676.4,247063.6,1.000062,1.000193
zipkin2.v1.SpanConverterTest._Benchmark.benchmark_missingEndpoints_coreAnnotation,3956.839,3963.585,3956.287,3963.08,0.9998016,0.999886
zipkin2.codec.V1SpanBytesDecoderTest._Benchmark.benchmark_traceRoundTrip_THRIFT,104132.4,104314.5,104041.1,104229.3,0.999168,0.9992619
zipkin2.codec.SpanBytesDecoderTest._Benchmark.benchmark_niceErrorOnTruncatedSpan_PROTO3,144697.2,144944.8,144700.3,144954.2,1.000009,1.000137
zipkin2.codec.V1SpanBytesDecoderTest._Benchmark.benchmark_spanRoundTrip_shared_THRIFT,211349,211703.2,211364.4,211703.1,0.9999864,1.000098
zipkin2.EndpointTest._Benchmark.benchmark_ip_ipv6_addr_mappedIpv4,349309.7,349876.5,349405.5,349966.9,1.00021,1.000321
zipkin2.SpanTest._Benchmark.benchmark_idFromLong_minValue,952358,953965.8,952832.8,954384.3,1.000282,1.000486
zipkin2.codec.SpanBytesDecoderTest._Benchmark.benchmark_niceErrorOnIncomplete_annotation,123452.1,123647,123462.5,123654.3,0.999993,1.000078
zipkin2.codec.SpanBytesEncoderTest._Benchmark.benchmark_specialCharsInJson_JSON_V2,593359.6,594311.5,593210.6,594229.1,0.9997839,0.9998544
zipkin2.SpanBytesDecoderDetectorTest._Benchmark.benchmark_decoderForListMessage_json_v1_singleItem,141722.7,141964.2,141827.1,142054.9,1.000632,1.000786
zipkin2.codec.SpanBytesDecoderTest._Benchmark.benchmark_niceErrorOnNull_annotationTimestamp,117981.5,118175.9,117934.2,118120.2,0.9995283,0.9996289
zipkin2.SpanBytesDecoderDetectorTest._Benchmark.benchmark_decoderForListMessage_json_v2_partial_localEndpoint,760276.9,761571.9,759950.8,761253.6,0.9994465,0.9996023
zipkin2.internal.Proto3FieldsTest._Benchmark.benchmark_field_readLengthPrefix_LENGTH_DELIMITED,923888.7,925524.3,924039.6,925637,1.000085,1.000157
zipkin2.SpanBytesDecoderDetectorTest._Benchmark.benchmark_decoderForMessage_thrift_list,249558.4,249992.6,249839.9,250241.1,1.000933,1.001129
zipkin2.internal.V1ThriftSpanWriterTest._Benchmark.benchmark_write_startsWithI64Prefix,520106,520959.8,520136.3,521006.5,1.000049,1.00014
zipkin2.internal.Proto3ZipkinFieldsTest._Benchmark.benchmark_span_read_endpoints,551789.8,552676.2,551780.1,552716.3,0.9999974,1.000096
zipkin2.SpanTest._Benchmark.benchmark_builder_merge_remoteEndpoint_null,13185.66,13208.72,13183.16,13206.12,0.9997667,0.9998721
zipkin2.internal.Proto3ZipkinFieldsTest._Benchmark.benchmark_span_read_ids,691154,692196.9,691104.6,692232.1,0.9999177,1.000055
zipkin2.storage.QueryRequestTest._Benchmark.benchmark_limitMustBePositive,271997.8,272430.2,271737.2,272221,0.999038,0.9992386
zipkin2.internal.WriteBufferTest._Benchmark.benchmark_unsignedVarintSize_64_largest,1390817,1393148,1391315,1393524,1.000274,1.000483
zipkin2.internal.Proto3ZipkinFieldsTest._Benchmark.benchmark_span_read_tag_empty,611672.5,612824.9,611614.1,612708.4,0.999732,0.9998969
zipkin2.internal.ReadBufferTest._Benchmark.benchmark_byteBuffer_arrayOffset,1180986,1183167,1180844,1182872,0.9996812,0.9998283
zipkin2.SpanTest._Benchmark.benchmark_nullToZeroOrFalse,13311.85,13333.17,13310.84,13333.53,0.9998693,1.000038
zipkin2.codec.SpanBytesDecoderTest._Benchmark.benchmark_spanRoundTrip_noAnnotations_rootServerSpan_incomplete_JSON_V2,206018.8,206401,206067,206445.7,1.000125,1.000246
zipkin2.SpanTest._Benchmark.benchmark_debug_canDisable,1008488,1010389,1008788,1010486,1.000038,1.000297
zipkin2.SpanTest._Benchmark.benchmark_builder_merge_annotations,589771.5,590823.9,589642.4,590669.4,0.9997386,0.9998696
zipkin2.v1.SpanConverterTest._Benchmark.benchmark_producer_remote,2957.33,2962.58,2957.586,2963.378,1.000124,1.000242
zipkin2.internal.V1ThriftSpanWriterTest._Benchmark.benchmark_writeList_empty,792514.7,793872.9,792455.1,793816.2,0.9998279,0.9999697
zipkin2.SpanTest._Benchmark.benchmark_builder_merge_remoteEndpoint,13100.72,13123.95,13112.11,13135.58,1.000769,1.000886
zipkin2.SpanTest._Benchmark.benchmark_builder_merge_redundant,11193.08,11211.6,11184.4,11204.19,0.9992202,0.9993774
zipkin2.internal.ReadBufferTest._Benchmark.benchmark_readShort_byteBuff_littleEndian,1199704,1201709,1200108,1202137,1.00026,1.000395
zipkin2.internal.V1ThriftSpanWriterTest._Benchmark.benchmark_writeList_offset_startsWithListPrefix,436494.8,437266.4,436855.5,437644.5,1.00078,1.000851
zipkin2.internal.SpanNodeTest._Benchmark.benchmark_constructsTraceTree_duplicateRoots,271730.6,272225.1,271751.4,272293.5,1.000081,1.000263
zipkin2.internal.HexCodecTest._Benchmark.benchmark_lowerHexToUnsignedLong_downgrades128bitIdsByDroppingHighBits,1291503,1294024,1291388,1293708,0.999617,0.9998825
zipkin2.v1.SpanConverterTest._Benchmark.benchmark_missingEndpoints,5318.56,5328.743,5319.686,5329.045,1.000059,1.000206
zipkin2.SpanTest._Benchmark.benchmark_id_emptyInvalid,440599.1,441360.7,440551.1,441372.4,0.9998742,0.9999881
zipkin2.internal.TraceTest._Benchmark.benchmark_cleanupComparator_ordersClientFirst,918318.8,920043.9,918494.8,920189.9,1.000174,1.000298
zipkin2.internal.V1ThriftSpanWriterTest._Benchmark.benchmark_endpoint_highPort,243027.1,243474.7,242841.9,243371.2,0.9992484,0.9995322
zipkin2.storage.QueryRequestTest._Benchmark.benchmark_test_timestampPastLookback,682780.6,684176.7,682878.4,684184.4,1.00006,1.000177
zipkin2.v1.SpanConverterTest._Benchmark.benchmark_client,1503.372,1506.131,1503.165,1505.965,0.9998389,0.9999549
zipkin2.codec.SpanBytesDecoderTest._Benchmark.benchmark_errorSpanRoundTrip_PROTO3,726416.3,727768.9,726767.6,728141.8,1.000356,1.000512
zipkin2.internal.JsonCodecTest._Benchmark.benchmark_doesntStackOverflowOnToBufferWriterBug_lessThanBytes,168058,168391.6,167954,168275.8,0.9993121,0.9994215
zipkin2.internal.ReadBufferTest._Benchmark.benchmark_readLong_byteBuff,1188578,1190870,1189141,1191074,1.000198,1.000471
zipkin2.SpanBytesDecoderDetectorTest._Benchmark.benchmark_decoderForMessage_json_v2_list,283420.6,283944.9,283337.4,283863.8,0.9995906,0.9997615
zipkin2.internal.WriteBufferTest._Benchmark.benchmark_writeVarint_ports,171675,171974.3,171566.5,171904.7,0.9993419,0.999643
zipkin2.codec.SpanBytesEncoderTest._Benchmark.benchmark_noAnnotations_rootServerSpan_JSON_V1,511511.2,512475.4,511672.8,512581.2,1.000177,1.00033
zipkin2.EndpointTest._Benchmark.benchmark_ip_ipv6_addr_compatIpv4,336586.8,337243.6,336892.7,337564.8,1.000778,1.000962
zipkin2.v1.SpanConverterTest._Benchmark.benchmark_lateRemoteEndpoint_ca,3620.929,3628.05,3620.281,3627.472,0.9998208,0.9999854
zipkin2.internal.SpanNodeTest._Benchmark.benchmark_constructsTraceTree,314625,315264.4,314602.5,315230.1,0.9998429,0.9999507
zipkin2.v1.SpanConverterTest._Benchmark.benchmark_producerAndConsumer,379492.1,380251.6,379489.9,380215.5,0.9998834,1.00008
zipkin2.AnnotationTest._Benchmark.benchmark_toString_isNice,1154807,1157106,1155410,1157700,1.000394,1.00053
zipkin2.storage.QueryRequestTest._Benchmark.benchmark_minDuration_mustBePositive,271656.4,272249.6,271685.8,272259.6,0.9999083,1.000122
zipkin2.EndpointTest._Benchmark.benchmark_newBuilderWithPort_tooHighIsInvalid,354458.9,355161,354468.6,355160,0.9998808,1.000074
zipkin2.internal.ReadBufferTest._Benchmark.benchmark_readVarint64_malformedTooBig,495171.5,496212.9,495247.2,496269,1.000035,1.000171
zipkin2.SpanTest._Benchmark.benchmark_builder_clone,11271.45,11296.07,11274.82,11297.95,1.000123,1.000343
zipkin2.SpanBytesDecoderDetectorTest._Benchmark.benchmark_decoderForListMessage_proto3_singleItem,703742,705081.6,703423.6,704836.2,0.9994351,0.9996555
zipkin2.storage.QueryRequestTest._Benchmark.benchmark_annotationQueryParameterSpecificity,205454.6,205862.8,205489.3,205921.5,1.000093,1.000327
zipkin2.codec.V1SpanBytesDecoderTest._Benchmark.benchmark_niceErrorOnMalformed_inputSpans_JSON_V1,128779.1,129045.2,128700.2,128951.4,0.9993021,0.9994816
zipkin2.SpanTest._Benchmark.benchmark_builder_clear,11363.02,11383.62,11361.26,11381.05,0.9998104,0.9999061
zipkin2.codec.SpanBytesDecoderTest._Benchmark.benchmark_niceErrorOnMalformed_inputSpans_JSON_V2,129900.8,130163.8,129870.8,130139.5,0.9997691,0.9999528
zipkin2.v1.SpanConverterTest._Benchmark.benchmark_client_kindInferredFromAnnotation,3293.408,3300.515,3291.944,3298.826,0.99947,0.9996157
zipkin2.storage.QueryRequestTest._Benchmark.benchmark_maxDuration_onlyWithMinDuration,274189.1,274760,274081.9,274638.6,0.9995733,0.9997268
zipkin2.codec.SpanBytesDecoderTest._Benchmark.benchmark_niceErrorOnMalformed_inputSpans_PROTO3,171216,171615.1,171349.4,171683.8,1.000418,1.000798
zipkin2.SpanTest._Benchmark.benchmark_builder_merge_flags,13206.72,13235.01,13209.48,13239.33,1.000089,1.000394
zipkin2.codec.SpanBytesDecoderTest._Benchmark.benchmark_niceErrorOnUppercase_traceId_JSON_V2,124271.6,124539.6,124222.1,124474.3,0.9994601,0.9996761
zipkin2.v1.SpanConverterTest._Benchmark.benchmark_localSpan_emptyComponent,2530.024,2535.445,2529.854,2535.012,0.9997496,0.9999502
zipkin2.v1.SpanConverterTest._Benchmark.benchmark_consumer_remote,2955.403,2961.752,2955.515,2961.745,0.9999705,1.00009
zipkin2.SpanTest._Benchmark.benchmark_builder_merge_tags_concat,11542.46,11568.08,11535.75,11559.84,0.9993114,0.999444
zipkin2.storage.ForwardingStorageComponentTest._Benchmark.benchmark_declaresAllMethodsToForward,261689.9,262237.9,261638.4,262197.2,0.9996924,0.9998893
zipkin2.SpanTest._Benchmark.benchmark_parentId_emptyInvalid,444103.6,445079.9,444144.8,445051.9,0.9999811,1.000142
zipkin2.SpanTest._Benchmark.benchmark_traceId_uuidInvalid,281462.4,282068.8,281310.5,281925.6,0.9994097,0.9996311
zipkin2.codec.SpanBytesEncoderTest._Benchmark.benchmark_noAnnotations_rootServerSpan_JSON_V1_shared,459143.9,460055,458987,460044.4,0.9996262,0.9999411
zipkin2.internal.Proto3FieldsTest._Benchmark.benchmark_field_key_fieldOneLengthDelimited,878880.5,880651.4,878650.1,880628.7,0.9996912,0.9999159
zipkin2.SpanBytesDecoderDetectorTest._Benchmark.benchmark_decoderForListMessage_thrift_singleItem,325744,326494.9,325840.7,326513.5,1.000057,1.000351
zipkin2.SpanBytesDecoderDetectorTest._Benchmark.benchmark_decoderForMessage_unknown,443176.3,444177.3,442902.2,443872.4,0.9992182,0.9993978
zipkin2.internal.JsonCodecTest._Benchmark.benchmark_exceptionReading_malformedJsonWraps,158951.6,159348.6,158952.3,159300.2,0.9997019,0.9999894
zipkin2.SpanBytesDecoderDetectorTest._Benchmark.benchmark_decoderForMessage_json_v2,305422.6,306097,305538.8,306244.2,1.000232,1.000481
zipkin2.SpanBytesDecoderDetectorTest._Benchmark.benchmark_decoderForMessage_proto3,317198.2,317969.7,317530.8,318209.9,1.00074,1.001056
zipkin2.codec.SpanBytesDecoderTest._Benchmark.benchmark_errorSpanRoundTrip_JSON_V2,286614.6,287286,286290.7,287041.6,0.9988098,0.999176
zipkin2.internal.V2SpanWriterTest._Benchmark.benchmark_omitsEmptySpanName,516460.7,517822.6,516784.7,517947.3,1.000243,1.00069
zipkin2.storage.InMemoryStorageTest._Benchmark.benchmark_getTagsAndThenValues,289119.1,289736,289010.2,289626.2,0.9994876,0.9996375
zipkin2.internal.TraceTest._Benchmark.benchmark_mergesIncompleteEndpoints,1084.176,1086.751,1084.108,1086.682,0.9998298,0.9999567
zipkin2.codec.V1SpanBytesDecoderTest._Benchmark.benchmark_falseOnEmpty_inputSpans_THRIFT,1364880,1368381,1366163,1368921,1.000458,1.000945
zipkin2.internal.SpanNodeTest._Benchmark.benchmark_traversesBreadthFirst,117650.4,117913.6,117700.2,118003.1,1.000341,1.000738
zipkin2.storage.QueryRequestTest._Benchmark.benchmark_endTsMustBePositive,278136.2,278841.6,278035.2,278753,0.9996242,0.9997248
zipkin2.internal.TraceTest._Benchmark.benchmark_mergesWhenMissingEndpoints,1217.91,1220.785,1217.512,1220.706,0.9997041,0.9999449
zipkin2.storage.QueryRequestTest._Benchmark.benchmark_maxDuration_greaterThanOrEqualToMinDuration,274775.5,275422,274670.2,275363.4,0.999633,0.9999075
zipkin2.internal.TraceTest._Benchmark.benchmark_putsRandomDataOnFirstSpanWithEndpoint,815.3423,817.3238,815.2342,817.2719,0.9997859,0.9999366
zipkin2.codec.V1SpanBytesDecoderTest._Benchmark.benchmark_niceErrorOnTruncatedSpan_THRIFT,132593.6,132927.9,132706.3,133026.1,1.000691,1.00085
zipkin2.storage.QueryRequestTest._Benchmark.benchmark_annotationQuery_missingValue,512170,513407.9,512013.9,513325,0.9997241,0.9999327
zipkin2.SpanTest._Benchmark.benchmark_idFromLong_invalid,445226.9,446323.4,445254.7,446266.7,0.9997963,1.000062
zipkin2.SpanTest._Benchmark.benchmark_traceIdFromLong_invalid,382323.1,383386,382703.2,383661.1,1.000662,1.001016
zipkin2.AnnotationTest._Benchmark.benchmark_messageWhenMissingValue,330645.7,331417,330673.6,331487.7,1.000068,1.00025
zipkin2.v1.SpanConverterTest._Benchmark.benchmark_consumer_duration,3515.654,3523.771,3513.132,3521.234,0.9992802,0.9993814
zipkin2.internal.Proto3FieldsTest._Benchmark.benchmark_field_readLengthPrefixAndValue_LENGTH_DELIMITED_truncated,405454.2,406523.2,405575.9,406665.1,1.000272,1.000397
zipkin2.SpanBytesDecoderDetectorTest._Benchmark.benchmark_decoderForListMessage_json_v2_singleItem,322678.8,323466.8,322571.1,323460.4,0.9997307,1.000036
zipkin2.storage.QueryRequestTest._Benchmark.benchmark_lookbackMustBePositive,267222.9,267905.5,267358.2,268058,1.000397,1.000573
zipkin2.SpanTest._Benchmark.benchmark_traceId_emptyInvalid,388482.2,389461.5,388588.9,389522.9,1.000158,1.000305
zipkin2.EndpointTest._Benchmark.benchmark_newBuilderWithPort_tooLargeIsInvalid,359977.6,361011.2,360280.1,361240.1,1.000621,1.000924
zipkin2.SpanTest._Benchmark.benchmark_normalizeTraceId_badCharacters,371966,372991.6,371769.1,372801.9,0.9993507,0.9995842
zipkin2.v1.SpanConverterTest._Benchmark.benchmark_lateRemoteEndpoint_sa,3733.926,3743.942,3733.609,3744.266,0.9999201,1.000109
zipkin2.internal.TraceTest._Benchmark.benchmark_backfillsMissingSharedFlag,1095.73,1098.79,1096.003,1099.185,1.000124,1.00033
zipkin2.v1.SpanConverterTest._Benchmark.benchmark_server_shared_v1_no_timestamp_duration,3497.068,3507.002,3499.113,3509.574,1.00046,1.000733
zipkin2.v1.SpanConverterTest._Benchmark.benchmark_producer_duration,3292.585,3301.631,3293.653,3303.499,1.00031,1.000571
zipkin2.SpanTest._Benchmark.benchmark_id_zerosInvalid,395799.1,396875.1,395594.9,396694.6,0.9992859,0.9995233
zipkin2.internal.WriteBufferTest._Benchmark.benchmark_unsignedVarintSize_32_largest,1327842,1331598,1327682,1331046,0.9995857,0.9999678
zipkin2.internal.V1ThriftSpanWriterTest._Benchmark.benchmark_writesBeginAnnotation_consumer_noEndpoint,38070.22,38181.01,38074.07,38176.44,0.999963,1.000188
zipkin2.internal.SpanNodeTest._Benchmark.benchmark_addChild_nullNotAllowed,435515.1,436683.8,434451.6,435796.1,0.9975334,0.997967
zipkin2.SpanBytesDecoderDetectorTest._Benchmark.benchmark_decoderForListMessage_unknown,402758.8,404039,403505.5,404599,1.001392,1.001869
zipkin2.internal.Proto3FieldsTest._Benchmark.benchmark_fieldNumber_malformed,435195.9,436507.7,435450.4,436826.5,1.000497,1.000815
zipkin2.SpanBytesDecoderDetectorTest._Benchmark.benchmark_decoderForMessage_proto3_list,330756.5,331800,330812.1,331800.4,0.9999457,1.000221
zipkin2.v1.SpanConverterTest._Benchmark.benchmark_lateRemoteEndpoint_cr,2890.512,2899.519,2892.996,2901.173,1.000598,1.000915
zipkin2.internal.ReadBufferTest._Benchmark.benchmark_readVarint32_malformedTooBig,491170,492702.9,491713.5,493202.8,1.000915,1.001238
zipkin2.internal.V1JsonSpanWriterTest._Benchmark.benchmark_writesEmptySpanName,576728.6,578541.9,576381.2,578182.1,0.9992899,0.9995094
zipkin2.v1.SpanConverterTest._Benchmark.benchmark_server_incomplete_shared,4076.657,4089.337,4076.462,4089.64,0.9999325,1.000144
zipkin2.internal.SpanNodeTest._Benchmark.benchmark_constructsTraceTree_sharedRootId,310211.7,311162.2,310170,311151.7,0.9998193,0.9999843
zipkin2.internal.TraceTest._Benchmark.benchmark_backfillsMissingParentIdOnSharedSpan,1077.092,1080.883,1076.877,1080.415,0.9993899,0.9997505
zipkin2.storage.QueryRequestTest._Benchmark.benchmark_test_annotationQuery_tagKey,421579.5,423041.2,421588.5,422840.1,0.9995465,0.9999873
zipkin2.codec.V1SpanBytesDecoderTest._Benchmark.benchmark_spanRoundTrip_noRemoteServiceName_JSON_V1,92256.77,92563.65,92291.47,92588.56,1.00018,1.000376
zipkin2.codec.V1SpanBytesDecoderTest._Benchmark.benchmark_ignoresNonAddressBooleanBinaryAnnotations,268103.9,269011.6,267855.4,268821.3,0.9990485,0.9992905
zipkin2.storage.ForwardingStorageComponentTest._Benchmark.benchmark_delegatesSpanStore,21559.52,21629.77,21567.47,21636.48,1.00034,1.000669
zipkin2.SpanTest._Benchmark.benchmark_builder_merge_localEndpoint_null,12882.37,12925.84,12886.18,12931.65,1.000223,1.000568
zipkin2.internal.Proto3FieldsTest._Benchmark.benchmark_wireType_unsupported,206001.6,206647.6,205941.5,206556.9,0.9995894,0.9997648
zipkin2.internal.TraceTest._Benchmark.benchmark_deletesSelfReferencingParentId,1835.912,1842.37,1837.079,1843.373,1.000491,1.000648
zipkin2.SpanTest._Benchmark.benchmark_builder_merge_localEndpoint_redundant,11638.59,11676.04,11651.66,11692.07,1.000934,1.001373
zipkin2.codec.V1SpanBytesDecoderTest._Benchmark.benchmark_niceErrorOnMalformed_inputSpans_THRIFT,162485.1,163156.1,162573.7,163166.8,1.000077,1.000545
zipkin2.internal.WriteBufferTest._Benchmark.benchmark_utf8_21Bit_truncated,1133070,1137143,1131051,1135262,0.9982188,0.9986805
zipkin2.internal.SpanNodeTest._Benchmark.benchmark_addChild_selfNotAllowed,369241,370543.7,368814.4,370293.3,0.9987511,0.9992883
zipkin2.internal.HexCodecTest._Benchmark.benchmark_lowerHexToUnsignedLongTest,161722.3,162353,161971.9,162540.8,1.001038,1.001543
zipkin2.codec.SpanBytesDecoderTest._Benchmark.benchmark_niceErrorOnNull_tagValue,122612.4,123145,122272.8,122762.1,0.9968907,0.9973096
zipkin2.v1.SpanConverterTest._Benchmark.benchmark_consumer,3950.547,3967.561,3950.727,3966.934,0.9998419,1.000144
zipkin2.internal.V1JsonSpanWriterTest._Benchmark.benchmark_writesTimestampAndDuration,342158.9,343493.1,342199.5,343614.4,1.000186,1.000472
zipkin2.internal.V1ThriftSpanWriterTest._Benchmark.benchmark_writesParentAnd128BitTraceId,46775.43,46966.71,46758.54,46964.44,0.9996389,0.9999517
zipkin2.codec.SpanBytesDecoderTest._Benchmark.benchmark_traceRoundTrip_PROTO3_directBuffer,146302.6,146903.9,146095.1,146610.6,0.9982116,0.9985679
zipkin2.internal.V1ThriftSpanWriterTest._Benchmark.benchmark_writesAddressBinaryAnnotation_client,18360.08,18435.82,18352.87,18429.62,0.9995862,0.9998359
zipkin2.storage.ForwardingStorageComponentTest._Benchmark.benchmark_delegatesToString,47990.62,48191.41,47961.76,48184.51,0.9994017,0.9998636
zipkin2.storage.ForwardingStorageComponentTest._Benchmark.benchmark_delegatesAutocompleteTags,20653.34,20738.37,20630.14,20719.41,0.9988242,0.9990122
zipkin2.codec.SpanBytesEncoderTest._Benchmark.benchmark_span_shared_JSON_V2,517603.4,519790.6,517042.7,519315.4,0.9987776,0.9993079
zipkin2.codec.SpanBytesEncoderTest._Benchmark.benchmark_span_shared_THRIFT,379217.8,381101.7,378909.1,380472.7,0.9984451,0.9992487
zipkin2.codec.SpanBytesDecoderTest._Benchmark.benchmark_spanRoundTrip_64bitTraceId_PROTO3,295569.8,296915.7,296163.1,297448.3,1.001736,1.002038
zipkin2.internal.V1ThriftSpanWriterTest._Benchmark.benchmark_writesBeginAnnotation_producer_noEndpoint,39202.28,39385.01,39168.26,39341.63,0.9989437,0.999462
zipkin2.storage.ForwardingStorageComponentTest._Benchmark.benchmark_delegatesSpanConsumer,20418.74,20514.03,20435.11,20517.42,1.000187,1.00073
zipkin2.internal.V1ThriftSpanWriterTest._Benchmark.benchmark_writesCoreAnnotations_consumer_noEndpoint,18697.06,18781.5,18701.67,18785.92,1.000032,1.000281
zipkin2.storage.ForwardingStorageComponentTest._Benchmark.benchmark_delegatesServiceAndSpanNames,21068.21,21161.09,21020.73,21128.49,0.9977511,0.9984592
zipkin2.storage.ForwardingStorageComponentTest._Benchmark.benchmark_delegatesCheck,21209.71,21317.73,21257.13,21357.37,1.001866,1.00214
zipkin2.storage.ForwardingStorageComponentTest._Benchmark.benchmark_delegatesClose,20733.9,20824.92,20732.88,20827.68,0.999923,1.000193
zipkin2.storage.ForwardingStorageComponentTest._Benchmark.benchmark_delegatesIsOverCapacity,21920.53,22043.65,21937.97,22053.03,1.000183,1.000922
zipkin2.SpanTest._Benchmark.benchmark_serialization,158839.9,159717.5,158840.7,159696.6,0.9995676,0.9999684
zipkin2.internal.V1ThriftSpanWriterTest._Benchmark.benchmark_writesCoreAnnotations_producer_noEndpoint,19433.67,19552.83,19464.31,19580.29,1.001398,1.001779
zipkin2.internal.WriteBufferTest._Benchmark.benchmark_writeString,1654.061,1664.482,1659.868,1669.4,1.002846,1.003615
zipkin2.internal.ReadBufferTest._Benchmark.benchmark_readLong_byteBuff_littleEndian,1096017,1102749,1099821,1106844,1.003311,1.003749
zipkin2.internal.V1ThriftSpanWriterTest._Benchmark.benchmark_writesCoreAnnotations_server_noEndpoint,19126.35,19266.18,19140.5,19284.01,1.000754,1.001481
zipkin2.internal.V1ThriftSpanWriterTest._Benchmark.benchmark_writesAddressBinaryAnnotation_consumer,18423.7,18551.17,18431.73,18584.7,1.000543,1.001808
zipkin2.internal.V1ThriftSpanWriterTest._Benchmark.benchmark_annotationsHaveEndpoints,25876.65,26072.53,25852.72,26052.23,0.9990964,0.9996729
zipkin2.internal.V1ThriftSpanWriterTest._Benchmark.benchmark_writesAddressBinaryAnnotation_producer,18637.96,18783.31,18662.61,18797.72,1.000568,1.001294
zipkin2.SpanTest._Benchmark.benchmark_builder_merge_localEndpoint,11442.28,11537.42,11441.52,11548.77,0.9998451,1.001148
zipkin2.SpanTest._Benchmark.benchmark_builder_merge_annotations_concat,11678.43,11776.56,11676.75,11768.75,0.9992399,0.9999511
zipkin2.internal.V1ThriftSpanWriterTest._Benchmark.benchmark_writesBeginAnnotation_server_noEndpoint,41079.39,41438.23,41181.77,41540.99,1.002036,1.002613
zipkin2.codec.V1SpanBytesDecoderTest._Benchmark.benchmark_spanRoundTrip_shared_JSON_V1,94398.1,95196.42,94377.64,95229.07,0.9997832,1.000668
zipkin2.SpanBytesDecoderDetectorTest._Benchmark.benchmark_decoderForListMessage_json_v2,542360.5,547798.4,541554.3,546167.2,0.9972559,0.9986543
zipkin2.codec.SpanBytesDecoderTest._Benchmark.benchmark_niceErrorOnNull_traceId,122282.2,123501.1,122344.9,123626.2,1.000486,1.001102
zipkin2.internal.V1ThriftSpanWriterTest._Benchmark.benchmark_writesEmptyLocalComponentWhenNoAnnotationsOrTags,18078.09,18291.65,17990.09,18180.74,0.9941633,0.9955332